{
  "name": "Npgsql dev environment (.NET 5.0)",
  "dockerComposeFile": "docker-compose.yml",
  "service": "npgsql-dev",

  "settings": {
    "terminal.integrated.shell.linux": "/bin/bash",
    "remote.extensionKind": {
      "ms-azuretools.vscode-docker": "workspace"
    },
  },

  "extensions": [
    "ms-dotnettools.csharp",
    "formulahendry.dotnet-test-explorer",
    "ms-azuretools.vscode-docker",
    "mutantdino.resourcemonitor"
  ],

  "forwardPorts": [5432, 5050],

  "remoteEnv": {
    "DeveloperBuild": "True",
  },

  "postCreateCommand": "dotnet restore Npgsql.sln"
}